"Id","Fname","Lname","Population","Rating","Country_Id","Country_name","DOB"
"1","John","Doe","331000","4.8","1","USA","null"
"2","Aditya","Sharma","1409038","3.9","2","India","null"
"3","Mike","Chenwan","331000","4.2","1","USA","null"
"4","Emily","Davis","1912025","3.8","4","Russia","null"
"5","David","Brown","52362","4","5","Canada","null"
"6","Sarah","Miller","2299937","3.1","8","UK","null"
"7","Chris","Wilson","1912025","2.7","4","Russia","null"
"8","Annie","Sebastian","2299937","4.3","8","UK","null"
"9","James","Taylor","256041","2.4","6","Australia","null"
"10","Ketan","Patel","1409038","4.6","2","India","null"
